quantity_name;unit;depth_from[m];depth_to[m];value;description;quantity_source_name;quantity_source_description;quantity_source_provider;quantity_source_version;quantity_source_resolution;quantity_source_timerange;quantity_source_url;
saturation;m^3*m^-3;0.00;0.30;0.46;;HWSD;Harmonized World Soil Database v1.1  by IIASA;IIASA;v1.1;30";;http://webarchive.iiasa.ac.at/Research/LUC/External-World-soil-database/HTML/;
clay fraction;% weight;0.00;0.30;24.00;;HWSD;Harmonized World Soil Database v1.1  by IIASA;IIASA;v1.1;30";;http://webarchive.iiasa.ac.at/Research/LUC/External-World-soil-database/HTML/;
organic carbon;% weight;0.00;0.30;1.61;;HWSD;Harmonized World Soil Database v1.1  by IIASA;IIASA;v1.1;30";;http://webarchive.iiasa.ac.at/Research/LUC/External-World-soil-database/HTML/;
sand fraction;% weight;0.00;0.30;42.00;;HWSD;Harmonized World Soil Database v1.1  by IIASA;IIASA;v1.1;30";;http://webarchive.iiasa.ac.at/Research/LUC/External-World-soil-database/HTML/;
silt fraction;% weight;0.00;0.30;34.00;;HWSD;Harmonized World Soil Database v1.1  by IIASA;IIASA;v1.1;30";;http://webarchive.iiasa.ac.at/Research/LUC/External-World-soil-database/HTML/;
saturation;m^3*m^-3;0.05;0.05;0.73;;insitu_calculated;calculated with in situ data;;;;;;
clay fraction;% weight;0.05;0.05;16.20;;insitu;in situ;;;;;;
organic carbon;% weight;0.05;0.05;7.01;;insitu;in situ;;;;;;
sand fraction;% weight;0.05;0.05;45.50;;insitu;in situ;;;;;;
silt fraction;% weight;0.05;0.05;38.30;;insitu_calculated;calculated with in situ data;;;;;;
saturation;m^3*m^-3;0.10;0.10;0.68;;insitu_calculated;calculated with in situ data;;;;;;
clay fraction;% weight;0.10;0.10;19.30;;insitu;in situ;;;;;;
organic carbon;% weight;0.10;0.10;6.38;;insitu;in situ;;;;;;
sand fraction;% weight;0.10;0.10;42.80;;insitu;in situ;;;;;;
silt fraction;% weight;0.10;0.10;37.90;;insitu_calculated;calculated with in situ data;;;;;;
saturation;m^3*m^-3;0.20;0.20;0.65;;insitu_calculated;calculated with in situ data;;;;;;
clay fraction;% weight;0.20;0.20;25.70;;insitu;in situ;;;;;;
organic carbon;% weight;0.20;0.20;6.13;;insitu;in situ;;;;;;
sand fraction;% weight;0.20;0.20;34.70;;insitu;in situ;;;;;;
silt fraction;% weight;0.20;0.20;39.60;;insitu_calculated;calculated with in situ data;;;;;;
saturation;m^3*m^-3;0.30;0.30;0.62;;insitu_calculated;calculated with in situ data;;;;;;
clay fraction;% weight;0.30;0.30;20.20;;insitu;in situ;;;;;;
organic carbon;% weight;0.30;0.30;4.52;;insitu;in situ;;;;;;
sand fraction;% weight;0.30;0.30;30.30;;insitu;in situ;;;;;;
silt fraction;% weight;0.30;0.30;49.50;;insitu_calculated;calculated with in situ data;;;;;;
land cover classification;;;;130;Grassland;CCI_landcover_2000;ESA CCI Land Cover;ESA;2000-v1.6.1;300m;1998-2002;http://www.esa-landcover-cci.org/;
land cover classification;;;;130;Grassland;CCI_landcover_2005;ESA CCI Land Cover;ESA;2005-v1.6.1;300m;2003-2007;http://www.esa-landcover-cci.org/;
land cover classification;;;;130;Grassland;CCI_landcover_2010;ESA CCI Land Cover;ESA;2010-v1.6.1;300m;2008-2012;http://www.esa-landcover-cci.org/;
climate classification;;;;Csb;Temperate - Dry Summer - Warm Summer;koeppen_geiger_2007;Koeppen-Geiger Climate Classification;;Peel2007;0.1°;;http://www.hydrol-earth-syst-sci.net/11/1633/2007/;
climate classification;;;;Csa;Temperate - Dry Summer - Hot Summer;koeppen_geiger_2017;Version 2017 Koeppen-Geiger Climate Classification;;Rubel2017;0.08°;;http://koeppen-geiger.vu-wien.ac.at/pdf/Paper_2017.pdf;
