quantity_name;unit;depth_from[m];depth_to[m];value;description;quantity_source_name;quantity_source_description;quantity_source_provider;quantity_source_version;quantity_source_resolution;quantity_source_timerange;quantity_source_url;
saturation;m^3*m^-3;0.00;0.30;0.46;;HWSD;Harmonized World Soil Database v1.1  by IIASA;IIASA;v1.1;30";;http://webarchive.iiasa.ac.at/Research/LUC/External-World-soil-database/HTML/;
clay fraction;% weight;0.00;0.30;20.00;;HWSD;Harmonized World Soil Database v1.1  by IIASA;IIASA;v1.1;30";;http://webarchive.iiasa.ac.at/Research/LUC/External-World-soil-database/HTML/;
organic carbon;% weight;0.00;0.30;1.45;;HWSD;Harmonized World Soil Database v1.1  by IIASA;IIASA;v1.1;30";;http://webarchive.iiasa.ac.at/Research/LUC/External-World-soil-database/HTML/;
sand fraction;% weight;0.00;0.30;42.00;;HWSD;Harmonized World Soil Database v1.1  by IIASA;IIASA;v1.1;30";;http://webarchive.iiasa.ac.at/Research/LUC/External-World-soil-database/HTML/;
silt fraction;% weight;0.00;0.30;38.00;;HWSD;Harmonized World Soil Database v1.1  by IIASA;IIASA;v1.1;30";;http://webarchive.iiasa.ac.at/Research/LUC/External-World-soil-database/HTML/;
bulk density;g/cm3;0.05;0.05;1.44;;insitu;in situ;;;;;;
saturation;m^3*m^-3;0.05;0.05;0.54;;insitu_calculated;calculated with in situ data;;;;;;
clay fraction;% weight;0.05;0.05;29.40;;insitu;in situ;;;;;;
organic carbon;% weight;0.05;0.05;4.18;;insitu;in situ;;;;;;
sand fraction;% weight;0.05;0.05;42.00;;insitu;in situ;;;;;;
silt fraction;% weight;0.05;0.05;28.60;;insitu_calculated;calculated with in situ data;;;;;;
bulk density;g/cm3;0.10;0.10;1.54;;insitu;in situ;;;;;;
saturation;m^3*m^-3;0.10;0.10;0.53;;insitu_calculated;calculated with in situ data;;;;;;
clay fraction;% weight;0.10;0.10;30.50;;insitu;in situ;;;;;;
organic carbon;% weight;0.10;0.10;3.64;;insitu;in situ;;;;;;
sand fraction;% weight;0.10;0.10;41.10;;insitu;in situ;;;;;;
silt fraction;% weight;0.10;0.10;28.40;;insitu_calculated;calculated with in situ data;;;;;;
bulk density;g/cm3;0.20;0.20;1.56;;insitu;in situ;;;;;;
saturation;m^3*m^-3;0.20;0.20;0.52;;insitu_calculated;calculated with in situ data;;;;;;
clay fraction;% weight;0.20;0.20;27.80;;insitu;in situ;;;;;;
organic carbon;% weight;0.20;0.20;3.50;;insitu;in situ;;;;;;
sand fraction;% weight;0.20;0.20;45.20;;insitu;in situ;;;;;;
silt fraction;% weight;0.20;0.20;27.00;;insitu_calculated;calculated with in situ data;;;;;;
bulk density;g/cm3;0.30;0.30;1.60;;insitu;in situ;;;;;;
saturation;m^3*m^-3;0.30;0.30;0.50;;insitu_calculated;calculated with in situ data;;;;;;
clay fraction;% weight;0.30;0.30;29.80;;insitu;in situ;;;;;;
organic carbon;% weight;0.30;0.30;2.79;;insitu;in situ;;;;;;
sand fraction;% weight;0.30;0.30;41.90;;insitu;in situ;;;;;;
silt fraction;% weight;0.30;0.30;28.30;;insitu_calculated;calculated with in situ data;;;;;;
saturation;m^3*m^-3;0.30;1.00;0.41;;HWSD;Harmonized World Soil Database v1.1  by IIASA;IIASA;v1.1;30";;http://webarchive.iiasa.ac.at/Research/LUC/External-World-soil-database/HTML/;
clay fraction;% weight;0.30;1.00;20.00;;HWSD;Harmonized World Soil Database v1.1  by IIASA;IIASA;v1.1;30";;http://webarchive.iiasa.ac.at/Research/LUC/External-World-soil-database/HTML/;
organic carbon;% weight;0.30;1.00;0.50;;HWSD;Harmonized World Soil Database v1.1  by IIASA;IIASA;v1.1;30";;http://webarchive.iiasa.ac.at/Research/LUC/External-World-soil-database/HTML/;
sand fraction;% weight;0.30;1.00;45.00;;HWSD;Harmonized World Soil Database v1.1  by IIASA;IIASA;v1.1;30";;http://webarchive.iiasa.ac.at/Research/LUC/External-World-soil-database/HTML/;
silt fraction;% weight;0.30;1.00;35.00;;HWSD;Harmonized World Soil Database v1.1  by IIASA;IIASA;v1.1;30";;http://webarchive.iiasa.ac.at/Research/LUC/External-World-soil-database/HTML/;
land cover classification;;;;130;Grassland;CCI_landcover_2000;ESA CCI Land Cover;ESA;2000-v1.6.1;300m;1998-2002;http://www.esa-landcover-cci.org/;
land cover classification;;;;130;Grassland;CCI_landcover_2005;ESA CCI Land Cover;ESA;2005-v1.6.1;300m;2003-2007;http://www.esa-landcover-cci.org/;
land cover classification;;;;130;Grassland;CCI_landcover_2010;ESA CCI Land Cover;ESA;2010-v1.6.1;300m;2008-2012;http://www.esa-landcover-cci.org/;
climate classification;;;;Cfa;Temperate - Without dry season - Hot Summer;koeppen_geiger_2007;Koeppen-Geiger Climate Classification;;Peel2007;0.1°;;http://www.hydrol-earth-syst-sci.net/11/1633/2007/;
climate classification;;;;Cfb;Temperate - Without dry season - Warm Summer;koeppen_geiger_2017;Version 2017 Koeppen-Geiger Climate Classification;;Rubel2017;0.08°;;http://koeppen-geiger.vu-wien.ac.at/pdf/Paper_2017.pdf;
