quantity_name;unit;depth_from[m];depth_to[m];value;description;quantity_source_name;quantity_source_description;quantity_source_provider;quantity_source_version;quantity_source_resolution;quantity_source_timerange;quantity_source_url;
saturation;m^3*m^-3;0.00;0.30;0.46;;HWSD;Harmonized World Soil Database v1.1  by IIASA;IIASA;v1.1;30";None;http://webarchive.iiasa.ac.at/Research/LUC/External-World-soil-database/HTML/;
clay fraction;% weight;0.00;0.30;20.00;;HWSD;Harmonized World Soil Database v1.1  by IIASA;IIASA;v1.1;30";None;http://webarchive.iiasa.ac.at/Research/LUC/External-World-soil-database/HTML/;
organic carbon;% weight;0.00;0.30;1.45;;HWSD;Harmonized World Soil Database v1.1  by IIASA;IIASA;v1.1;30";None;http://webarchive.iiasa.ac.at/Research/LUC/External-World-soil-database/HTML/;
sand fraction;% weight;0.00;0.30;42.00;;HWSD;Harmonized World Soil Database v1.1  by IIASA;IIASA;v1.1;30";None;http://webarchive.iiasa.ac.at/Research/LUC/External-World-soil-database/HTML/;
silt fraction;% weight;0.00;0.30;38.00;;HWSD;Harmonized World Soil Database v1.1  by IIASA;IIASA;v1.1;30";None;http://webarchive.iiasa.ac.at/Research/LUC/External-World-soil-database/HTML/;
saturation;m^3*m^-3;0.05;0.05;0.56;;insitu_calculated;calculated with in situ data;None;None;None;None;None;
clay fraction;% weight;0.05;0.05;9.50;;insitu;in situ;None;None;None;None;None;
organic carbon;% weight;0.05;0.05;4.09;;insitu;in situ;None;None;None;None;None;
sand fraction;% weight;0.05;0.05;77.30;;insitu;in situ;None;None;None;None;None;
silt fraction;% weight;0.05;0.05;13.20;;insitu_calculated;calculated with in situ data;None;None;None;None;None;
saturation;m^3*m^-3;0.10;0.10;0.54;;insitu_calculated;calculated with in situ data;None;None;None;None;None;
clay fraction;% weight;0.10;0.10;7.10;;insitu;in situ;None;None;None;None;None;
organic carbon;% weight;0.10;0.10;3.46;;insitu;in situ;None;None;None;None;None;
sand fraction;% weight;0.10;0.10;80.40;;insitu;in situ;None;None;None;None;None;
silt fraction;% weight;0.10;0.10;12.50;;insitu_calculated;calculated with in situ data;None;None;None;None;None;
saturation;m^3*m^-3;0.20;0.20;0.47;;insitu_calculated;calculated with in situ data;None;None;None;None;None;
clay fraction;% weight;0.20;0.20;6.10;;insitu;in situ;None;None;None;None;None;
organic carbon;% weight;0.20;0.20;1.76;;insitu;in situ;None;None;None;None;None;
sand fraction;% weight;0.20;0.20;80.20;;insitu;in situ;None;None;None;None;None;
silt fraction;% weight;0.20;0.20;13.70;;insitu_calculated;calculated with in situ data;None;None;None;None;None;
saturation;m^3*m^-3;0.30;0.30;0.44;;insitu_calculated;calculated with in situ data;None;None;None;None;None;
clay fraction;% weight;0.30;0.30;11.20;;insitu;in situ;None;None;None;None;None;
organic carbon;% weight;0.30;0.30;1.30;;insitu;in situ;None;None;None;None;None;
sand fraction;% weight;0.30;0.30;76.70;;insitu;in situ;None;None;None;None;None;
silt fraction;% weight;0.30;0.30;12.10;;insitu_calculated;calculated with in situ data;None;None;None;None;None;
saturation;m^3*m^-3;0.30;1.00;0.41;;HWSD;Harmonized World Soil Database v1.1  by IIASA;IIASA;v1.1;30";None;http://webarchive.iiasa.ac.at/Research/LUC/External-World-soil-database/HTML/;
clay fraction;% weight;0.30;1.00;20.00;;HWSD;Harmonized World Soil Database v1.1  by IIASA;IIASA;v1.1;30";None;http://webarchive.iiasa.ac.at/Research/LUC/External-World-soil-database/HTML/;
organic carbon;% weight;0.30;1.00;0.50;;HWSD;Harmonized World Soil Database v1.1  by IIASA;IIASA;v1.1;30";None;http://webarchive.iiasa.ac.at/Research/LUC/External-World-soil-database/HTML/;
sand fraction;% weight;0.30;1.00;45.00;;HWSD;Harmonized World Soil Database v1.1  by IIASA;IIASA;v1.1;30";None;http://webarchive.iiasa.ac.at/Research/LUC/External-World-soil-database/HTML/;
silt fraction;% weight;0.30;1.00;35.00;;HWSD;Harmonized World Soil Database v1.1  by IIASA;IIASA;v1.1;30";None;http://webarchive.iiasa.ac.at/Research/LUC/External-World-soil-database/HTML/;
land cover classification;;;;60;Tree cover, broadleaved, deciduous, Closed to open (>15%);CCI_landcover_2000;ESA CCI Land Cover;ESA;2000-v1.6.1;300m;1998-2002;http://www.esa-landcover-cci.org/;
land cover classification;;;;60;Tree cover, broadleaved, deciduous, Closed to open (>15%);CCI_landcover_2005;ESA CCI Land Cover;ESA;2005-v1.6.1;300m;2003-2007;http://www.esa-landcover-cci.org/;
land cover classification;;;;60;Tree cover, broadleaved, deciduous, Closed to open (>15%);CCI_landcover_2010;ESA CCI Land Cover;ESA;2010-v1.6.1;300m;2008-2012;http://www.esa-landcover-cci.org/;
climate classification;;;;Dfb;Cold - Without dry season - Warm Summer;koeppen_geiger_2007;Koeppen-Geiger Climate Classification;None;Peel2007;0.1°;None;http://www.hydrol-earth-syst-sci.net/11/1633/2007/;
climate classification;;;;Cfb;Temperate - Without dry season - Warm Summer;koeppen_geiger_2017;Version 2017 Koeppen-Geiger Climate Classification;None;Rubel2017;0.08°;None;http://koeppen-geiger.vu-wien.ac.at/pdf/Paper_2017.pdf;
