quantity_name;unit;depth_from[m];depth_to[m];value;description;quantity_source_name;quantity_source_description;quantity_source_provider;quantity_source_version;quantity_source_resolution;quantity_source_timerange;quantity_source_url;
saturation;m^3*m^-3;0.00;0.30;0.43;;HWSD;Harmonized World Soil Database v1.1  by IIASA;IIASA;v1.1;30";;http://webarchive.iiasa.ac.at/Research/LUC/External-World-soil-database/HTML/;
clay fraction;% weight;0.00;0.30;21.00;;HWSD;Harmonized World Soil Database v1.1  by IIASA;IIASA;v1.1;30";;http://webarchive.iiasa.ac.at/Research/LUC/External-World-soil-database/HTML/;
organic carbon;% weight;0.00;0.30;0.86;;HWSD;Harmonized World Soil Database v1.1  by IIASA;IIASA;v1.1;30";;http://webarchive.iiasa.ac.at/Research/LUC/External-World-soil-database/HTML/;
sand fraction;% weight;0.00;0.30;39.00;;HWSD;Harmonized World Soil Database v1.1  by IIASA;IIASA;v1.1;30";;http://webarchive.iiasa.ac.at/Research/LUC/External-World-soil-database/HTML/;
silt fraction;% weight;0.00;0.30;40.00;;HWSD;Harmonized World Soil Database v1.1  by IIASA;IIASA;v1.1;30";;http://webarchive.iiasa.ac.at/Research/LUC/External-World-soil-database/HTML/;
bulk density;g/cm3;0.05;0.05;1.38;;insitu;in situ;;;;;;
saturation;m^3*m^-3;0.05;0.05;0.46;;insitu_calculated;calculated with in situ data;;;;;;
clay fraction;% weight;0.05;0.05;27.30;;insitu;in situ;;;;;;
organic carbon;% weight;0.05;0.05;1.74;;insitu;in situ;;;;;;
sand fraction;% weight;0.05;0.05;44.00;;insitu;in situ;;;;;;
silt fraction;% weight;0.05;0.05;28.70;;insitu_calculated;calculated with in situ data;;;;;;
bulk density;g/cm3;0.10;0.10;1.50;;insitu;in situ;;;;;;
saturation;m^3*m^-3;0.10;0.10;0.44;;insitu_calculated;calculated with in situ data;;;;;;
clay fraction;% weight;0.10;0.10;25.10;;insitu;in situ;;;;;;
organic carbon;% weight;0.10;0.10;1.22;;insitu;in situ;;;;;;
sand fraction;% weight;0.10;0.10;49.00;;insitu;in situ;;;;;;
silt fraction;% weight;0.10;0.10;25.90;;insitu_calculated;calculated with in situ data;;;;;;
bulk density;g/cm3;0.20;0.20;1.47;;insitu;in situ;;;;;;
saturation;m^3*m^-3;0.20;0.20;0.43;;insitu_calculated;calculated with in situ data;;;;;;
clay fraction;% weight;0.20;0.20;26.20;;insitu;in situ;;;;;;
organic carbon;% weight;0.20;0.20;1.08;;insitu;in situ;;;;;;
sand fraction;% weight;0.20;0.20;49.70;;insitu;in situ;;;;;;
silt fraction;% weight;0.20;0.20;24.10;;insitu_calculated;calculated with in situ data;;;;;;
bulk density;g/cm3;0.30;0.30;1.47;;insitu;in situ;;;;;;
saturation;m^3*m^-3;0.30;0.30;0.43;;insitu_calculated;calculated with in situ data;;;;;;
clay fraction;% weight;0.30;0.30;27.80;;insitu;in situ;;;;;;
organic carbon;% weight;0.30;0.30;1.00;;insitu;in situ;;;;;;
sand fraction;% weight;0.30;0.30;51.00;;insitu;in situ;;;;;;
silt fraction;% weight;0.30;0.30;21.20;;insitu_calculated;calculated with in situ data;;;;;;
saturation;m^3*m^-3;0.30;1.00;0.41;;HWSD;Harmonized World Soil Database v1.1  by IIASA;IIASA;v1.1;30";;http://webarchive.iiasa.ac.at/Research/LUC/External-World-soil-database/HTML/;
clay fraction;% weight;0.30;1.00;21.00;;HWSD;Harmonized World Soil Database v1.1  by IIASA;IIASA;v1.1;30";;http://webarchive.iiasa.ac.at/Research/LUC/External-World-soil-database/HTML/;
organic carbon;% weight;0.30;1.00;0.38;;HWSD;Harmonized World Soil Database v1.1  by IIASA;IIASA;v1.1;30";;http://webarchive.iiasa.ac.at/Research/LUC/External-World-soil-database/HTML/;
sand fraction;% weight;0.30;1.00;41.00;;HWSD;Harmonized World Soil Database v1.1  by IIASA;IIASA;v1.1;30";;http://webarchive.iiasa.ac.at/Research/LUC/External-World-soil-database/HTML/;
silt fraction;% weight;0.30;1.00;38.00;;HWSD;Harmonized World Soil Database v1.1  by IIASA;IIASA;v1.1;30";;http://webarchive.iiasa.ac.at/Research/LUC/External-World-soil-database/HTML/;
land cover classification;;;;190;Urban areas;CCI_landcover_2000;ESA CCI Land Cover;ESA;2000-v1.6.1;300m;1998-2002;http://www.esa-landcover-cci.org/;
land cover classification;;;;190;Urban areas;CCI_landcover_2005;ESA CCI Land Cover;ESA;2005-v1.6.1;300m;2003-2007;http://www.esa-landcover-cci.org/;
land cover classification;;;;190;Urban areas;CCI_landcover_2010;ESA CCI Land Cover;ESA;2010-v1.6.1;300m;2008-2012;http://www.esa-landcover-cci.org/;
climate classification;;;;Cfa;Temperate - Without dry season - Hot Summer;koeppen_geiger_2007;Koeppen-Geiger Climate Classification;;Peel2007;0.1°;;http://www.hydrol-earth-syst-sci.net/11/1633/2007/;
climate classification;;;;Csa;Temperate - Dry Summer - Hot Summer;koeppen_geiger_2017;Version 2017 Koeppen-Geiger Climate Classification;;Rubel2017;0.08°;;http://koeppen-geiger.vu-wien.ac.at/pdf/Paper_2017.pdf;
