quantity_name;unit;depth_from[m];depth_to[m];value;description;quantity_source_name;quantity_source_description;quantity_source_provider;quantity_source_version;quantity_source_resolution;quantity_source_timerange;quantity_source_url;
saturation;m^3*m^-3;0.00;0.30;0.44;;HWSD;Harmonized World Soil Database v1.1  by IIASA;IIASA;v1.1;30";;http://webarchive.iiasa.ac.at/Research/LUC/External-World-soil-database/HTML/;
clay fraction;% weight;0.00;0.30;22.00;;HWSD;Harmonized World Soil Database v1.1  by IIASA;IIASA;v1.1;30";;http://webarchive.iiasa.ac.at/Research/LUC/External-World-soil-database/HTML/;
organic carbon;% weight;0.00;0.30;1.00;;HWSD;Harmonized World Soil Database v1.1  by IIASA;IIASA;v1.1;30";;http://webarchive.iiasa.ac.at/Research/LUC/External-World-soil-database/HTML/;
sand fraction;% weight;0.00;0.30;42.00;;HWSD;Harmonized World Soil Database v1.1  by IIASA;IIASA;v1.1;30";;http://webarchive.iiasa.ac.at/Research/LUC/External-World-soil-database/HTML/;
silt fraction;% weight;0.00;0.30;36.00;;HWSD;Harmonized World Soil Database v1.1  by IIASA;IIASA;v1.1;30";;http://webarchive.iiasa.ac.at/Research/LUC/External-World-soil-database/HTML/;
saturation;m^3*m^-3;0.05;0.05;0.49;;insitu_calculated;calculated with in situ data;;;;;;
clay fraction;% weight;0.05;0.05;23.30;;insitu;in situ;;;;;;
organic carbon;% weight;0.05;0.05;2.20;;insitu;in situ;;;;;;
sand fraction;% weight;0.05;0.05;37.50;;insitu;in situ;;;;;;
silt fraction;% weight;0.05;0.05;39.20;;insitu_calculated;calculated with in situ data;;;;;;
saturation;m^3*m^-3;0.10;0.10;0.48;;insitu_calculated;calculated with in situ data;;;;;;
clay fraction;% weight;0.10;0.10;26.40;;insitu;in situ;;;;;;
organic carbon;% weight;0.10;0.10;1.88;;insitu;in situ;;;;;;
sand fraction;% weight;0.10;0.10;34.60;;insitu;in situ;;;;;;
silt fraction;% weight;0.10;0.10;39.00;;insitu_calculated;calculated with in situ data;;;;;;
saturation;m^3*m^-3;0.20;0.20;0.46;;insitu_calculated;calculated with in situ data;;;;;;
clay fraction;% weight;0.20;0.20;25.70;;insitu;in situ;;;;;;
organic carbon;% weight;0.20;0.20;1.50;;insitu;in situ;;;;;;
sand fraction;% weight;0.20;0.20;38.60;;insitu;in situ;;;;;;
silt fraction;% weight;0.20;0.20;35.70;;insitu_calculated;calculated with in situ data;;;;;;
saturation;m^3*m^-3;0.30;0.30;0.47;;insitu_calculated;calculated with in situ data;;;;;;
clay fraction;% weight;0.30;0.30;26.40;;insitu;in situ;;;;;;
organic carbon;% weight;0.30;0.30;1.49;;insitu;in situ;;;;;;
sand fraction;% weight;0.30;0.30;34.00;;insitu;in situ;;;;;;
silt fraction;% weight;0.30;0.30;39.60;;insitu_calculated;calculated with in situ data;;;;;;
saturation;m^3*m^-3;0.30;1.00;0.42;;HWSD;Harmonized World Soil Database v1.1  by IIASA;IIASA;v1.1;30";;http://webarchive.iiasa.ac.at/Research/LUC/External-World-soil-database/HTML/;
clay fraction;% weight;0.30;1.00;25.00;;HWSD;Harmonized World Soil Database v1.1  by IIASA;IIASA;v1.1;30";;http://webarchive.iiasa.ac.at/Research/LUC/External-World-soil-database/HTML/;
organic carbon;% weight;0.30;1.00;0.37;;HWSD;Harmonized World Soil Database v1.1  by IIASA;IIASA;v1.1;30";;http://webarchive.iiasa.ac.at/Research/LUC/External-World-soil-database/HTML/;
sand fraction;% weight;0.30;1.00;41.00;;HWSD;Harmonized World Soil Database v1.1  by IIASA;IIASA;v1.1;30";;http://webarchive.iiasa.ac.at/Research/LUC/External-World-soil-database/HTML/;
silt fraction;% weight;0.30;1.00;34.00;;HWSD;Harmonized World Soil Database v1.1  by IIASA;IIASA;v1.1;30";;http://webarchive.iiasa.ac.at/Research/LUC/External-World-soil-database/HTML/;
land cover classification;;;;130;Grassland;CCI_landcover_2000;ESA CCI Land Cover;ESA;2000-v1.6.1;300m;1998-2002;http://www.esa-landcover-cci.org/;
land cover classification;;;;130;Grassland;CCI_landcover_2005;ESA CCI Land Cover;ESA;2005-v1.6.1;300m;2003-2007;http://www.esa-landcover-cci.org/;
land cover classification;;;;130;Grassland;CCI_landcover_2010;ESA CCI Land Cover;ESA;2010-v1.6.1;300m;2008-2012;http://www.esa-landcover-cci.org/;
climate classification;;;;Cfb;Temperate - Without dry season - Warm Summer;koeppen_geiger_2007;Koeppen-Geiger Climate Classification;;Peel2007;0.1°;;http://www.hydrol-earth-syst-sci.net/11/1633/2007/;
climate classification;;;;Cfb;Temperate - Without dry season - Warm Summer;koeppen_geiger_2017;Version 2017 Koeppen-Geiger Climate Classification;;Rubel2017;0.08°;;http://koeppen-geiger.vu-wien.ac.at/pdf/Paper_2017.pdf;
