quantity_name;unit;depth_from[m];depth_to[m];value;description;quantity_source_name;quantity_source_description;quantity_source_provider;quantity_source_version;quantity_source_resolution;quantity_source_timerange;quantity_source_url;
saturation;m^3*m^-3;0.00;0.30;0.49;;HWSD;Harmonized World Soil Database v1.1  by IIASA;IIASA;v1.1;30";;http://webarchive.iiasa.ac.at/Research/LUC/External-World-soil-database/HTML/;
clay fraction;% weight;0.00;0.30;19.00;;HWSD;Harmonized World Soil Database v1.1  by IIASA;IIASA;v1.1;30";;http://webarchive.iiasa.ac.at/Research/LUC/External-World-soil-database/HTML/;
organic carbon;% weight;0.00;0.30;2.13;;HWSD;Harmonized World Soil Database v1.1  by IIASA;IIASA;v1.1;30";;http://webarchive.iiasa.ac.at/Research/LUC/External-World-soil-database/HTML/;
sand fraction;% weight;0.00;0.30;37.00;;HWSD;Harmonized World Soil Database v1.1  by IIASA;IIASA;v1.1;30";;http://webarchive.iiasa.ac.at/Research/LUC/External-World-soil-database/HTML/;
silt fraction;% weight;0.00;0.30;44.00;;HWSD;Harmonized World Soil Database v1.1  by IIASA;IIASA;v1.1;30";;http://webarchive.iiasa.ac.at/Research/LUC/External-World-soil-database/HTML/;
saturation;m^3*m^-3;0.05;0.05;0.54;;insitu_calculated;calculated with in situ data;;;;;;
clay fraction;% weight;0.05;0.05;31.10;;insitu;in situ;;;;;;
organic carbon;% weight;0.05;0.05;3.17;;insitu;in situ;;;;;;
sand fraction;% weight;0.05;0.05;27.00;;insitu;in situ;;;;;;
silt fraction;% weight;0.05;0.05;41.90;;insitu_calculated;calculated with in situ data;;;;;;
saturation;m^3*m^-3;0.10;0.10;0.53;;insitu_calculated;calculated with in situ data;;;;;;
clay fraction;% weight;0.10;0.10;32.80;;insitu;in situ;;;;;;
organic carbon;% weight;0.10;0.10;2.87;;insitu;in situ;;;;;;
sand fraction;% weight;0.10;0.10;23.70;;insitu;in situ;;;;;;
silt fraction;% weight;0.10;0.10;43.50;;insitu_calculated;calculated with in situ data;;;;;;
saturation;m^3*m^-3;0.20;0.20;0.51;;insitu_calculated;calculated with in situ data;;;;;;
clay fraction;% weight;0.20;0.20;32.30;;insitu;in situ;;;;;;
organic carbon;% weight;0.20;0.20;2.30;;insitu;in situ;;;;;;
sand fraction;% weight;0.20;0.20;23.80;;insitu;in situ;;;;;;
silt fraction;% weight;0.20;0.20;43.90;;insitu_calculated;calculated with in situ data;;;;;;
saturation;m^3*m^-3;0.30;0.30;0.51;;insitu_calculated;calculated with in situ data;;;;;;
clay fraction;% weight;0.30;0.30;33.50;;insitu;in situ;;;;;;
organic carbon;% weight;0.30;0.30;2.04;;insitu;in situ;;;;;;
sand fraction;% weight;0.30;0.30;21.70;;insitu;in situ;;;;;;
silt fraction;% weight;0.30;0.30;44.80;;insitu_calculated;calculated with in situ data;;;;;;
land cover classification;;;;12;Cropland, rainfed / Tree or shrub cover;CCI_landcover_2000;ESA CCI Land Cover;ESA;2000-v1.6.1;300m;1998-2002;http://www.esa-landcover-cci.org/;
land cover classification;;;;12;Cropland, rainfed / Tree or shrub cover;CCI_landcover_2005;ESA CCI Land Cover;ESA;2005-v1.6.1;300m;2003-2007;http://www.esa-landcover-cci.org/;
land cover classification;;;;12;Cropland, rainfed / Tree or shrub cover;CCI_landcover_2010;ESA CCI Land Cover;ESA;2010-v1.6.1;300m;2008-2012;http://www.esa-landcover-cci.org/;
climate classification;;;;Csa;Temperate - Dry Summer - Hot Summer;koeppen_geiger_2007;Koeppen-Geiger Climate Classification;;Peel2007;0.1°;;http://www.hydrol-earth-syst-sci.net/11/1633/2007/;
climate classification;;;;Csa;Temperate - Dry Summer - Hot Summer;koeppen_geiger_2017;Version 2017 Koeppen-Geiger Climate Classification;;Rubel2017;0.08°;;http://koeppen-geiger.vu-wien.ac.at/pdf/Paper_2017.pdf;
